"term","estimate","std.error","statistic","p.value","conf.low","conf.high"
"(Intercept)",1.74565923790948,0.117899895219256,14.8062832003634,2.5226277447279e-49,1.51456488072336,1.9767535950956
"happy",0.275849543029502,0.0106120774286263,25.993924835621,2.16037411843688e-146,0.25504892054195,0.296650165517055
"fct_unempNo",0.340447446433132,0.0404597464510522,8.41447305768468,4.22455429063146e-17,0.261142718633066,0.419752174233198
"agea",0.00247998897680782,0.00100873894893531,2.45850423385095,0.0139606207211023,0.000502770264786972,0.00445720768882868
"fct_genderFemale",-0.0503721493345584,0.0376840872150112,-1.33669548759809,0.181338155639911,-0.124236336362915,0.0234920376937983
"occ_groupElementary",-0.302561006133916,0.0931209874638258,-3.24911724385923,0.0011596612413133,-0.485086484197064,-0.120035528070768
"occ_groupMachine Operators",-0.164005843230399,0.0831588245143875,-1.9722001145173,0.0486013317794311,-0.327004589410516,-0.00100709705028187
"occ_groupManagers",-0.000968452030317936,0.084059239460389,-0.0115210658166173,0.990807844495642,-0.165732092172046,0.16379518811141
"occ_groupOther",0.10664127935385,0.0837399622370613,1.27348134038987,0.202862961408285,-0.0574965488263667,0.270779107534067
"occ_groupProfessionals",0.214800835677067,0.0698969665181472,3.07310669371179,0.00212144430239742,0.0777965192887266,0.351805152065407
"occ_groupService",-0.122044267837683,0.0722818427194874,-1.68844986854188,0.0913414120674673,-0.263723155239783,0.0196346195644166
"occ_groupSkilled Manual",0.0420765938579248,0.123072088097387,0.341885755807033,0.732440673290131,-0.199155724741916,0.283308912457765
"occ_groupTechnicians",0.0305524109029964,0.0742331878287274,0.411573472682969,0.680656748386161,-0.114951287732646,0.176056109538639
